{
  "modes": [
    {
      "index": 0,
      "strictly local log-evidence": -56.66907504127357,
      "strictly local log-evidence error": 0.01770112413368106,
      "local log-evidence": -56.66907504127357,
      "local log-evidence error": 0.01770112413368106,
      "mean": [
        3.0089202488280096,
        2.30875740149898
      ],
      "sigma": [
        0.15483100885757103,
        0.9909516673092021
      ],
      "maximum": [
        3.033285242446,
        2.027572571610864
      ],
      "maximum a posterior": [
        2.7946143088924806,
        3.7707936510095714
      ]
    }
  ],
  "nested sampling global log-evidence": -56.61151091248036,
  "nested sampling global log-evidence error": 0.07917919979047572,
  "global evidence": -56.66907504127357,
  "global evidence error": 0.01770112413368106,
  "nested importance sampling global log-evidence": -56.66907504127357,
  "nested importance sampling global log-evidence error": 0.01770112413368106,
  "marginals": [
    {
      "median": 3.007733383827027,
      "sigma": 0.16003241913566213,
      "1sigma": [
        2.846799601082567,
        3.1668644393538914
      ],
      "2sigma": [
        2.732567098143559,
        3.302466233989841
      ],
      "3sigma": [
        2.566276029724461,
        3.4670176088845537
      ],
      "5sigma": [
        2.2828988812690367,
        3.7624960742401328
      ],
      "q75%": 3.115163047813837,
      "q25%": 2.8974564688138758,
      "q99%": 3.3623603881207624,
      "q01%": 2.65286450587512,
      "q90%": 3.211130918878224,
      "q10%": 2.808731800341643
    },
    {
      "median": 2.235378284153036,
      "sigma": 1.0445280298386401,
      "1sigma": [
        1.2562709148516096,
        3.34532697452889
      ],
      "2sigma": [
        0.698754793708971,
        4.332143628563959
      ],
      "3sigma": [
        0.2231255794118905,
        4.95695500204773
      ],
      "5sigma": [
        0.018382426589194083,
        4.999026412661586
      ],
      "q75%": 2.979024130873908,
      "q25%": 1.534563339814165,
      "q99%": 4.6878309641703,
      "q01%": 0.43711888740057814,
      "q90%": 3.7334137236885963,
      "q10%": 1.059792008086595
    }
  ]
}